City_ID,City,Lat,Lng,Max Temp,Humidity,Cloudiness,Wind Speed,Country,Date
0,Barrow,71.2906,-156.7887,-18.69,98,56,15.5,US,1674622806
1,Arraial do Cabo,-22.9661,-42.0278,74.75,91,100,10.87,BR,1674622857
2,Longyearbyen,78.2186,15.6401,22.84,68,40,18.41,SJ,1674622858
3,Bow Island,49.8668,-111.3684,27.79,76,88,8.68,CA,1674622815
4,Gornopravdinsk,60.05,69.9,12.76,94,99,10.04,RU,1674622859
5,Raudeberg,61.9875,5.1352,46.96,1,100,30.11,NO,1674622859
6,Visby,57.6409,18.296,39.42,93,100,16.11,SE,1674622860
7,Broome,42.2506,-75.833,29.17,97,82,1.74,US,1674622861
8,Nikolskoye,59.7035,30.7861,31.91,93,100,9.46,RU,1674622861
9,Linxia Chengguanzhen,35.6003,103.2064,24.96,35,71,4.7,CN,1674622862
10,Hobart,-42.8794,147.3294,76.86,59,75,10.36,AU,1674622862
11,Adré,13.4667,22.2,62.17,16,93,12.37,TD,1674622863
12,Bredasdorp,-34.5322,20.0403,59.7,58,2,1.34,ZA,1674622838
13,Joshīmath,30.5667,79.5667,48.6,82,100,9.24,IN,1674622864
14,Punta Arenas,-53.15,-70.9167,51.91,50,75,19.57,CL,1674622795
15,Gorodovikovsk,46.0878,41.9335,27.52,77,6,14.12,RU,1674622865
16,Hermanus,-34.4187,19.2345,54.81,63,9,7.07,ZA,1674622865
17,Albany,42.6001,-73.9662,32.41,90,70,4.85,US,1674622835
18,Ushuaia,-54.8,-68.3,39.47,98,52,10.04,AR,1674622852
19,Puerto Ayora,-0.7393,-90.3518,75.54,95,15,6.55,EC,1674622856
20,Chui,-33.6971,-53.4616,64.15,75,69,5.5,UY,1674622625
21,Mataura,-46.1927,168.8643,68.7,48,27,7.61,NZ,1674622867
22,Saint-Philippe,-21.3585,55.7679,78.39,93,100,14.27,RE,1674622868
23,Atuona,-9.8,-139.0333,78.91,78,15,16.44,PF,1674622832
24,Busselton,-33.65,115.3333,81.75,35,1,3.69,AU,1674622842
25,Jamestown,42.097,-79.2353,28.71,62,99,1.99,US,1674622667
26,Udachny,66.4167,112.4,-38.51,100,75,2.53,RU,1674622869
27,Sheopur,25.6667,76.7,65.86,43,60,0.51,IN,1674622870
28,Rikitea,-23.1203,-134.9692,79.2,79,33,17.29,PF,1674622842
29,Tual,-5.6667,132.75,82.87,71,99,3.29,ID,1674622871
30,Hong Kong,22.2855,114.1577,59.25,66,81,8.99,HK,1674622686
31,Jiangyou,31.7667,104.7167,46.38,35,56,4.14,CN,1674622682
32,Abnūb,27.2696,31.1511,51.82,90,0,6.91,EG,1674622872
33,Hithadhoo,-0.6,73.0833,81.63,75,98,11.41,MV,1674622851
34,Ribeira Grande,38.5167,-28.7,57.78,90,10,4.0,PT,1674622872
35,East London,-33.0153,27.9116,63.54,88,75,12.66,ZA,1674622585
36,Ballina,-28.8667,153.5667,92.01,70,39,14.29,AU,1674622839
37,Sorong,-0.8833,131.25,84.65,66,100,6.33,ID,1674622873
38,Goma,-1.6792,29.2228,61.95,87,91,3.11,CD,1674622874
39,Inuvik,68.3499,-133.7218,-0.74,98,100,6.4,CA,1674622874
40,Arroyo de la Encomienda,41.6096,-4.7969,34.59,83,100,11.5,ES,1674622875
41,Vaini,-21.2,-175.2,86.16,70,20,5.75,TO,1674622542
42,Souillac,-20.5167,57.5167,73.78,94,75,3.44,MU,1674622628
43,Chunoyar,57.4467,97.3217,4.26,94,94,0.63,RU,1674622876
44,Upernavik,72.7868,-56.1549,6.82,93,100,12.46,GL,1674622877
45,Cape Town,-33.9258,18.4232,65.37,60,0,8.99,ZA,1674622800
46,Fortuna,40.5982,-124.1573,46.65,97,0,0.0,US,1674622877
47,Elko,41.0002,-115.5012,5.94,96,61,3.44,US,1674622785
48,Mykolayivka,47.5414,30.7561,28.87,87,36,7.87,UA,1674622878
49,Āsosa,10.0667,34.5333,66.74,36,49,3.69,ET,1674622878
50,Itarema,-2.9248,-39.9167,76.15,85,15,5.12,BR,1674622879
51,Kavieng,-2.5744,150.7967,83.41,68,86,6.46,PG,1674622880
52,Saint George,37.1041,-113.5841,38.95,53,0,5.75,US,1674622880
53,New Norfolk,-42.7826,147.0587,76.5,36,99,3.0,AU,1674622881
54,Labuhan,-6.8844,112.2051,84.52,72,89,10.04,ID,1674622881
55,Semey,50.4111,80.2275,16.02,86,100,15.66,KZ,1674622882
56,Zhigansk,66.7697,123.3711,-44.99,95,85,6.67,RU,1674622882
57,Ancud,-41.8697,-73.8203,52.36,85,61,4.18,CL,1674622883
58,Padang,-0.9492,100.3543,86.05,66,100,2.19,ID,1674622883
59,Bengkulu,-3.8004,102.2655,82.99,65,100,6.91,ID,1674622841
60,Nanortalik,60.1432,-45.2371,34.39,88,100,53.26,GL,1674622884
61,Itacurubí del Rosario,-24.5,-56.6833,77.74,60,74,2.3,PY,1674622885
62,Shingū,33.7333,135.9833,38.25,49,79,12.88,JP,1674622885
63,Mahébourg,-20.4081,57.7,74.25,90,100,6.85,MU,1674622886
64,São João da Barra,-21.6403,-41.0511,72.57,97,100,6.78,BR,1674622590
65,Petropavlovsk-Kamchatskiy,53.0452,158.6483,21.79,68,75,22.37,RU,1674622887
66,Toowoomba,-27.55,151.9667,85.24,48,100,1.01,AU,1674622887
67,George Town,5.4112,100.3354,84.13,84,20,8.05,MY,1674622888
68,Plettenberg Bay,-34.0527,23.3716,64.33,62,92,0.87,ZA,1674622888
69,Chokurdakh,70.6333,147.9167,-27.99,96,100,2.57,RU,1674622889
70,Roseto degli Abruzzi,42.6664,14.0227,44.1,90,100,7.07,IT,1674622889
71,Butaritari,3.0707,172.7902,81.14,79,89,17.94,KI,1674622890
72,Oranjemund,-28.55,16.4333,60.4,77,0,16.11,,1674622850
73,Rocha,-34.4833,-54.3333,63.88,66,100,6.98,UY,1674622767
74,Puri,19.8,85.85,81.12,53,6,3.51,IN,1674622891
75,Talnakh,69.4865,88.3972,-9.8,97,100,13.27,RU,1674622891
76,Shumskiy,54.8318,99.1328,14.72,66,100,2.06,RU,1674622892
77,Avarua,-21.2078,-159.775,82.45,74,20,4.61,CK,1674622611
78,Port Hedland,-20.3167,118.5667,96.85,44,72,9.22,AU,1674622893
79,Margate,51.3813,1.3862,38.89,82,64,1.99,GB,1674622787
80,Mar del Plata,-38.0023,-57.5575,66.94,73,48,11.99,AR,1674622893
81,Glubokiy,48.5217,40.3258,22.41,63,9,8.99,RU,1674622894
82,Bathsheba,13.2167,-59.5167,77.18,79,91,20.94,BB,1674622894
83,Hilo,19.7297,-155.09,74.28,94,27,1.01,US,1674622895
84,Laguna,38.421,-121.4238,49.32,85,0,0.0,US,1674622895
85,Olinda,-8.0089,-34.8553,77.72,74,7,6.15,BR,1674622896
86,Tasiilaq,65.6145,-37.6368,23.16,63,69,6.82,GL,1674622896
87,Mlowo,-9.0,32.9833,61.65,89,100,0.49,TZ,1674622897
88,Dikson,73.5069,80.5464,-1.19,93,100,27.81,RU,1674622897
89,Thompson,55.7435,-97.8558,-20.2,100,42,3.27,CA,1674622816
90,Ikom,5.9667,8.7063,70.56,97,13,1.32,NG,1674622898
91,Xining,36.6167,101.7667,29.57,12,91,4.03,CN,1674622898
92,Jijiga,9.35,42.8,64.58,42,16,1.34,ET,1674622899
93,Westport,41.1415,-73.3579,37.74,68,85,1.99,US,1674622818
94,Varna,43.2167,27.9167,33.87,88,100,6.91,BG,1674622866
95,Sauk Rapids,45.5919,-94.1661,28.22,88,75,0.0,US,1674622900
96,San Patricio,28.017,-97.5169,58.84,55,0,15.32,US,1674622900
97,Christchurch,-43.5333,172.6333,70.41,64,20,23.02,NZ,1674622806
98,Dauphin,51.1494,-100.0502,6.94,78,100,3.44,CA,1674622901
99,Jalu,29.0331,21.5482,51.17,64,0,10.42,LY,1674622902
100,Port Elizabeth,-33.918,25.5701,65.32,75,81,1.99,ZA,1674622902
101,Port Alfred,-33.5906,26.891,65.17,78,100,1.99,ZA,1674622903
102,Broken Hill,-31.95,141.4333,97.38,12,0,12.91,AU,1674622903
103,Richards Bay,-28.783,32.0377,74.12,88,94,18.41,ZA,1674622904
104,Bontang,0.1333,117.5,80.53,81,100,1.97,ID,1674622904
105,Mirassol,-20.8192,-49.5211,69.31,90,51,2.39,BR,1674622905
106,College,64.8569,-147.8028,1.8,83,99,2.08,US,1674622905
107,Trelew,-43.249,-65.3051,64.29,26,0,11.52,AR,1674622899
108,Fort Nelson,58.8053,-122.7002,21.11,94,99,1.68,CA,1674622817
109,Lebu,-37.6167,-73.65,55.94,77,0,16.13,CL,1674622618
110,Djibo,14.1022,-1.6306,74.77,18,4,6.44,BF,1674622906
111,Kaitangata,-46.2817,169.8464,63.18,75,88,5.68,NZ,1674622799
112,Anori,-3.7728,-61.6442,72.21,99,100,2.01,BR,1674622907
113,Le Port,-20.9373,55.2919,78.8,92,100,5.53,RE,1674622908
114,Torbay,47.6666,-52.7314,33.39,91,100,24.16,CA,1674622908
115,Lavrentiya,65.5833,-171.0,-15.2,91,8,13.02,RU,1674622909
116,Gwembe,-16.4975,27.6069,63.01,98,100,3.58,ZM,1674622909
117,Jerome,42.7241,-114.5186,29.68,86,0,10.36,US,1674622910
118,Emba,48.8264,58.1442,1.0,97,14,3.56,KZ,1674622910
119,Lagoa,39.05,-27.9833,59.4,85,32,20.76,PT,1674622910
120,Ilulissat,69.2167,-51.1,17.62,62,97,18.41,GL,1674622911
121,Cabo San Lucas,22.8909,-109.9124,59.61,58,86,5.68,MX,1674622618
122,Gamba,-2.65,10.0,76.57,87,100,4.32,GA,1674622828
123,Kapaa,22.0752,-159.319,69.48,84,20,4.0,US,1674622907
124,Iskandar,41.5539,69.7008,18.45,69,36,5.01,UZ,1674622912
125,Bluff,-46.6,168.3333,61.38,70,16,10.56,NZ,1674622836
126,Sabla,12.7525,4.7077,70.63,17,32,9.93,NG,1674622913
127,Galveston,29.3669,-94.9669,51.76,83,0,17.27,US,1674622913
128,Naze,28.3667,129.4833,47.14,67,98,13.87,JP,1674622914
129,Palmer,42.1584,-72.3287,33.42,82,100,9.22,US,1674622914
130,Makakilo City,21.3469,-158.0858,74.95,77,75,0.0,US,1674622915
131,Carnarvon,-24.8667,113.6333,87.13,55,1,14.74,AU,1674622915
132,Bubaque,11.2833,-15.8333,73.87,81,95,11.59,GW,1674622916
133,Ponta do Sol,32.6667,-17.1,61.43,52,5,9.57,PT,1674622916
134,Saskylakh,71.9167,114.0833,-15.65,99,100,4.41,RU,1674622917
135,Kjøllefjord,70.9457,27.3465,33.85,93,40,4.61,NO,1674622917
136,Yellowknife,62.456,-114.3525,-5.28,84,20,3.44,CA,1674622747
137,Koceljeva,44.4736,19.8117,32.38,85,99,2.77,RS,1674622918
138,Vila Velha,-20.3297,-40.2925,73.94,96,100,4.59,BR,1674622918
139,Acajutla,13.5928,-89.8275,76.1,77,16,7.11,SV,1674622919
140,Makurdi,7.7411,8.5121,75.54,23,55,3.53,NG,1674622919
141,Sambava,-14.2667,50.1667,77.56,81,91,5.7,MG,1674622919
142,Preston,53.7667,-2.7167,45.86,93,100,4.47,GB,1674622920
143,Samarai,-10.6167,150.6667,83.16,74,97,11.34,PG,1674622920
144,North Platte,41.1239,-100.7654,22.37,87,100,5.99,US,1674622816
145,Quelimane,-17.8786,36.8883,76.95,88,75,12.66,MZ,1674622921
146,Lompoc,34.6391,-120.4579,48.58,87,0,0.0,US,1674622918
147,Ust'-Charyshskaya Pristan',52.3934,83.6635,13.59,88,100,19.53,RU,1674622922
148,Airai,-8.9266,125.4092,68.4,81,100,2.51,TL,1674622923
149,Kavaratti,10.5669,72.642,78.22,81,100,15.1,IN,1674622923
150,Faanui,-16.4833,-151.75,81.48,75,100,13.96,PF,1674622924
151,Port Lincoln,-34.7333,135.8667,70.74,52,4,17.4,AU,1674622924
152,Frontera,26.9333,-101.45,50.45,18,0,3.27,MX,1674622925
153,Qaqortoq,60.7167,-46.0333,32.81,77,100,32.35,GL,1674622925
154,Kahului,20.8947,-156.47,77.85,84,37,2.15,US,1674622825
155,Ahipara,-35.1667,173.1667,71.74,58,15,13.02,NZ,1674622926
156,Khatanga,71.9667,102.5,-24.43,88,100,3.27,RU,1674622905
157,Port Hardy,50.6996,-127.4199,43.81,94,95,1.41,CA,1674622927
158,Qasigiannguit,68.8193,-51.1922,17.85,90,96,10.29,GL,1674622927
159,Mugur-Aksy,50.35,90.5,0.91,72,100,5.3,RU,1674622928
160,Amapá,1.0,-52.0,68.9,99,100,2.55,BR,1674622928
161,Lithgow,-33.4833,150.15,82.35,19,1,10.83,AU,1674622929
162,Storm Lake,42.6411,-95.2097,30.43,100,100,10.36,US,1674622930
163,Castro,-24.7911,-50.0119,60.91,90,1,3.44,BR,1674622930
164,Saint Lawrence,36.0553,14.204,49.41,56,26,9.13,MT,1674622931
165,Bereda,43.2686,-7.5406,41.41,93,100,5.73,ES,1674622931
166,Qaanaaq,77.484,-69.3632,2.84,64,92,9.31,GL,1674622932
167,Esim,4.8699,-2.2405,78.19,87,4,3.98,GH,1674622932
168,Jaisalmer,26.9147,70.9181,59.45,14,0,4.59,IN,1674622933
169,Poções,-14.5297,-40.3653,65.25,99,99,2.59,BR,1674622934
170,Tazmalt,36.3868,4.3989,39.2,97,100,1.57,DZ,1674622934
171,Hargeisa,9.56,44.065,59.45,64,7,7.87,SO,1674622935
172,San Ignacio,17.1561,-89.0714,70.84,97,78,3.6,BZ,1674622935
173,Ca Mau,9.1769,105.15,80.89,55,100,9.66,VN,1674622936
174,Saint Paul Harbor,57.79,-152.4072,36.91,100,100,5.75,US,1674622936
175,Divnomorskoye,44.5011,38.1353,39.47,60,0,5.53,RU,1674622937
176,Pahrump,36.2083,-115.9839,48.43,38,0,10.0,US,1674622708
177,Baláo,-2.9167,-79.8167,76.05,80,62,3.24,EC,1674622938
178,Meulaboh,4.1363,96.1285,84.29,66,53,9.33,ID,1674622938
179,Umluj,25.0213,37.2685,69.76,66,0,4.18,SA,1674622937
180,Tuktoyaktuk,69.4541,-133.0374,-6.0,98,100,9.42,CA,1674622939
181,Henties Bay,-22.116,14.2845,64.29,86,66,6.76,,1674622940
182,Port-Cartier,50.0334,-66.8654,4.28,78,2,16.26,CA,1674622940
183,Lago da Pedra,-4.3333,-45.1667,71.6,98,92,3.42,BR,1674622941
184,Hirado,33.3597,129.5531,32.85,57,80,12.35,JP,1674622942
185,Sandpoint,48.2766,-116.5533,30.02,91,100,0.0,US,1674622942
186,Fleetwood,53.9253,-3.0109,45.05,97,100,12.3,GB,1674622943
187,Lebanon,36.2081,-86.2911,46.45,72,100,3.44,US,1674622814
188,Neuquén,-38.9516,-68.0591,68.56,24,14,9.22,AR,1674622834
189,Huntsville,34.7304,-86.5861,49.55,70,100,8.99,US,1674622737
190,Tutóia,-2.7619,-42.2744,76.23,88,99,6.98,BR,1674622944
191,Ust-Nera,64.5667,143.2,-29.61,96,97,1.57,RU,1674622792
192,Lorengau,-2.0226,147.2712,82.51,72,87,6.82,PG,1674622843
193,Saint-Joseph,-21.3667,55.6167,77.38,92,100,9.75,RE,1674622945
194,Östersund,63.1792,14.6357,43.25,75,100,11.5,SE,1674622946
195,Kamenka,51.3223,42.7678,13.39,88,13,4.76,RU,1674622837
196,Fairbanks,64.8378,-147.7164,1.81,83,98,1.86,US,1674622804
197,Siirt,37.9326,41.9403,26.74,93,75,0.0,TR,1674622947
198,Mossamedes,-15.1961,12.1522,74.05,84,58,1.63,AO,1674622947
199,Vanavara,60.34,102.2797,-27.49,94,99,2.86,RU,1674622948
200,Francavilla al Mare,42.4206,14.287,46.09,94,75,5.75,IT,1674622948
201,Kastamonu Province,41.5,33.6667,35.51,65,100,1.14,TR,1674622949
202,Coquimbo,-29.9533,-71.3436,66.45,82,2,2.86,CL,1674622949
203,Dāmghān,36.1683,54.348,29.3,49,0,0.92,IR,1674622950
204,Cherskiy,68.75,161.3,-22.52,96,100,0.58,RU,1674622950
205,Riachão das Neves,-11.7461,-44.91,71.67,83,74,3.65,BR,1674622951
206,Merauke,-8.4667,140.3333,84.0,72,82,8.7,ID,1674622951
207,Griffith,41.5284,-87.4237,33.06,91,100,4.61,US,1674622952
208,Adrar,20.5022,-10.0711,62.22,20,8,8.1,MR,1674622952
209,Bairiki Village,1.3292,172.9752,81.34,81,20,16.31,KI,1674622953
210,Departamento de Maldonado,-34.6667,-54.9167,74.23,53,96,7.99,UY,1674622896
211,Waipawa,-41.4122,175.5153,65.59,75,62,9.44,NZ,1674622954
212,Yangi Marg`ilon,40.4272,71.7189,25.52,74,100,2.3,UZ,1674622954
213,Provideniya,64.3833,-173.3,-6.7,76,1,11.52,RU,1674622856
214,Ocampo,21.65,-101.5,48.87,35,1,7.67,MX,1674622955
215,Frankfort,-27.2667,28.4833,65.35,67,4,14.9,ZA,1674622732
216,Senanga,-16.1167,23.2667,64.98,96,100,3.09,ZM,1674622937
217,Belozërskoye,55.8214,65.5842,14.56,86,65,11.9,RU,1674622956
218,Gambēla,8.25,34.5833,79.95,32,24,2.95,ET,1674622956
219,Salalah,17.0151,54.0924,72.59,66,51,8.97,OM,1674622957
220,Esperance,-33.8667,121.9,70.3,67,7,15.9,AU,1674622957
221,Almaznyy,48.0448,40.045,23.99,58,7,8.77,RU,1674622958
222,Beira,-19.8436,34.8389,78.12,87,79,8.57,MZ,1674622958
223,Santa Helena,-2.2311,-45.3,71.42,99,80,2.21,BR,1674622959
224,Roald,62.5833,6.1333,50.32,87,75,31.07,NO,1674622959
225,Charters Towers,-20.1,146.2667,91.76,39,77,12.06,AU,1674622960
226,Iquitos,-3.7481,-73.2472,71.11,99,59,2.13,PE,1674622960
227,Healdsburg,38.6105,-122.8692,50.16,82,0,0.0,US,1674622836
228,Isangel,-19.55,169.2667,85.39,72,21,7.74,VU,1674622961
229,Sitka,57.0531,-135.33,44.24,97,100,7.78,US,1674622962
230,Stornoway,58.2093,-6.3865,46.36,85,75,14.97,GB,1674622962
231,General Roca,-39.0333,-67.5833,65.62,20,2,6.51,AR,1674622962
232,Salinas,36.6777,-121.6555,51.06,67,0,0.0,US,1674622910
233,Woodward,36.4337,-99.3904,31.23,96,100,8.05,US,1674622963
234,Port Blair,11.6667,92.75,82.44,78,100,10.36,IN,1674622963
235,Leningradskiy,69.3833,178.4167,-24.2,93,19,8.63,RU,1674622964
236,Severo-Kuril'sk,50.6789,156.125,28.17,95,100,69.39,RU,1674622846
237,Tiksi,71.6872,128.8694,-37.23,98,52,8.32,RU,1674622965
238,Antofagasta,-23.65,-70.4,68.41,85,74,2.71,CL,1674622811
239,Beringovskiy,63.05,179.3167,-12.17,95,89,13.33,RU,1674622965
240,Prince Rupert,54.3161,-130.3201,44.69,100,100,10.36,CA,1674622966
241,Concordia,-31.393,-58.0209,78.89,27,46,4.74,AR,1674622966
242,Mirny,62.5353,113.9611,-28.77,67,98,1.83,RU,1674622967
243,Saldanha,-33.0117,17.9442,62.31,65,0,18.88,ZA,1674622967
244,Darhan,49.4867,105.9228,-9.47,80,63,3.18,MN,1674622968
245,Cayenne,4.9333,-52.3333,69.84,94,40,0.0,GF,1674622968
246,Salinópolis,-0.6136,-47.3561,75.97,88,100,8.48,BR,1674622969
247,Nhulunbuy,-12.2333,136.7667,83.01,78,75,4.61,AU,1674622838
248,Koumac,-20.5667,164.2833,83.28,73,44,3.36,NC,1674622969
249,Kinsale,51.7075,-8.5306,47.57,100,75,4.61,IE,1674622970
250,Shimoda,34.6667,138.95,39.11,38,52,22.46,JP,1674622949
251,Dingle,10.9995,122.6711,80.65,75,49,19.15,PH,1674622970
252,Gubkinskiy,64.434,76.5026,3.36,96,100,16.75,RU,1674622971
253,Norman Wells,65.282,-126.8329,-7.55,98,80,2.04,CA,1674622971
254,Saint-François,46.4154,3.9054,36.84,81,100,5.75,FR,1674622929
255,São Filipe,14.8961,-24.4956,69.84,70,97,6.62,CV,1674622972
256,Cumana,10.4635,-64.1775,73.08,82,41,9.51,VE,1674622972
257,Clyde River,70.4692,-68.5914,-18.17,69,100,4.61,CA,1674622850
258,Nuuk,64.1835,-51.7216,22.06,77,100,13.06,GL,1674622973
259,Srednekolymsk,67.45,153.6833,-20.97,92,100,4.18,RU,1674622974
260,Pangnirtung,66.1451,-65.7125,-1.43,98,100,4.72,CA,1674622974
261,Vila Franca do Campo,37.7167,-25.4333,55.81,82,72,13.82,PT,1674622974
262,Terney,45.0503,136.6092,-1.62,65,8,20.45,RU,1674622975
263,Cairns,-16.9167,145.7667,96.06,55,64,12.66,AU,1674622975
264,Alcúdia,39.8532,3.1214,47.37,74,90,19.37,ES,1674622976
265,Florianópolis,-27.6146,-48.5012,76.23,94,20,3.44,BR,1674622737
266,Bambous Virieux,-20.3428,57.7575,74.21,91,100,6.89,MU,1674622851
267,Langsa,4.4683,97.9683,77.23,87,100,1.1,ID,1674622977
268,Machico,32.7,-16.7667,61.43,68,75,20.71,PT,1674622977
269,Churapcha,62.0025,132.4325,-39.06,93,100,1.52,RU,1674622978
270,Mount Isa,-20.7333,139.5,94.77,34,40,11.5,AU,1674622978
271,Sept-Îles,50.2001,-66.3821,12.72,55,20,18.41,CA,1674622725
272,Cockburn Town,21.4612,-71.1419,77.05,74,0,18.97,TC,1674622979
273,San-Pédro,4.7485,-6.6363,75.96,93,56,4.09,CI,1674622887
274,Venado Tuerto,-33.7456,-61.9688,70.77,59,21,8.08,AR,1674622979
275,Hamadan,34.7992,48.5146,22.37,90,90,2.59,IR,1674622980
276,Waingapu,-9.6567,120.2641,84.61,65,90,4.72,ID,1674622980
277,Zyryanka,65.75,150.85,-19.79,98,100,1.43,RU,1674622981
278,Nemuro,43.3236,145.575,14.63,60,56,28.16,JP,1674622981
279,Sur,22.5667,59.5289,68.07,40,3,9.01,OM,1674622845
280,Pangoa,-12.1167,-73.0,67.33,99,94,1.99,PE,1674622982
281,Rio Grande,-32.035,-52.0986,70.03,76,15,7.7,BR,1674622983
282,Little Current,45.9793,-81.9248,27.41,88,95,4.0,CA,1674622734
283,Manokwari,-0.8667,134.0833,83.34,71,95,9.62,ID,1674622984
284,Ambilobe,-13.2,49.05,77.32,89,69,1.16,MG,1674622984
285,Andenes,69.3143,16.1194,33.78,86,75,4.61,NO,1674622985
286,Tumen,42.9661,129.8425,9.91,41,76,13.4,CN,1674622985
287,Flinders,-34.5833,150.8552,77.25,67,5,10.54,AU,1674622986
288,Tromsø,69.6496,18.957,32.38,93,75,8.05,NO,1674622987
289,San Andrés,12.5847,-81.7006,79.93,81,12,21.81,CO,1674622834
290,Pathein,16.7833,94.7333,87.76,26,61,6.33,MM,1674622988
291,Logan Lake,50.4998,-120.8025,28.22,97,98,4.45,CA,1674622817
292,Alofi,-19.0595,-169.9187,81.19,69,24,6.53,NU,1674622988
293,Iqaluit,63.7506,-68.5145,-25.31,67,0,31.07,CA,1674622989
294,Suzhou,31.3114,120.6181,32.99,39,34,4.9,CN,1674622988
295,Yermakovskoye,53.2831,92.4003,19.63,77,100,9.42,RU,1674622990
296,Hasaki,35.7333,140.8333,37.22,36,80,26.57,JP,1674622990
297,Sompeta,18.9333,84.6,80.28,37,7,6.35,IN,1674622991
298,Vardø,70.3705,31.1107,28.38,80,100,25.32,NO,1674622991
299,Saint-Leu,-21.15,55.2833,77.86,90,100,1.59,RE,1674622992
300,Kodinsk,58.6881,99.1844,-10.34,96,88,0.94,RU,1674622992
301,Bethel,41.3712,-73.414,36.48,63,100,3.44,US,1674622993
302,Hobyo,5.3505,48.5268,77.67,65,26,21.54,SO,1674622993
303,Mitchell,43.7094,-98.0298,19.89,93,34,6.78,US,1674622850
304,Brainerd,46.358,-94.2008,26.85,86,100,0.0,US,1674622806
305,Río Duque,9.2667,-79.6833,80.46,81,67,1.92,PA,1674622995
306,Ishigaki,24.3448,124.1572,58.78,67,100,18.14,JP,1674622995
307,Murchison,-41.8,172.3333,73.49,50,62,4.18,NZ,1674622996
308,Saint Anthony,45.0205,-93.218,30.25,88,100,8.05,US,1674622996
309,Oyama,36.3,139.8,33.03,25,89,19.08,JP,1674622997
310,Cidreira,-30.1811,-50.2056,74.95,88,14,9.66,BR,1674622997
311,Caravelas,-17.7125,-39.2481,77.11,88,100,9.19,BR,1674622998
312,Pedersore,63.65,22.6833,37.99,97,100,1.99,FI,1674622998
313,Raigarh,21.9,83.4,80.26,22,14,4.88,IN,1674622999
314,Barranca,-10.75,-77.7667,69.94,82,100,5.01,PE,1674622999
315,Kajaani,64.2273,27.7285,35.65,93,100,16.11,FI,1674623000
316,Abrau-Dyurso,44.69,37.59,27.86,67,0,5.48,RU,1674623001
317,Krasnovishersk,60.4078,57.082,11.25,95,100,7.4,RU,1674623001
318,Northam,51.0333,-4.2167,41.4,97,69,2.53,GB,1674623002
319,Valparaíso,-33.0393,-71.6273,61.66,73,0,14.07,CL,1674622972
320,Jimo,36.3897,120.4622,25.39,20,1,10.51,CN,1674623003
321,Jódar,37.8406,-3.3526,34.48,84,30,2.91,ES,1674622819
322,Misratah,32.3754,15.0925,58.19,73,18,14.18,LY,1674623003
323,Mayo,38.8876,-76.5119,39.15,76,0,5.75,US,1674623004
324,Ankazoabo,-22.2833,44.5167,76.68,65,100,17.54,MG,1674623004
325,Havøysund,70.9963,24.6622,34.03,62,100,15.7,NO,1674623005
326,Kayerkan,69.3497,87.7602,-10.48,83,100,11.39,RU,1674623005
327,Watertown,42.3709,-71.1828,35.11,84,40,10.36,US,1674622940
328,Pocatello,42.8713,-112.4455,22.48,86,100,1.99,US,1674622824
329,Avera,33.194,-82.5271,45.91,85,92,8.63,US,1674623006
330,Dudinka,69.4058,86.1778,-9.38,96,100,23.38,RU,1674623007
331,Hunchun,42.8675,130.3581,10.51,40,57,14.27,CN,1674623008
332,Cervo,43.6702,-7.4101,48.0,78,100,14.52,ES,1674623008
333,Nizhniy Kuranakh,58.8353,125.4869,-18.49,90,100,0.54,RU,1674623009
334,Aksha,50.2814,113.2867,0.21,65,54,10.83,RU,1674623009
335,Magistral'nyy,56.1725,107.4458,-1.17,91,100,5.03,RU,1674623010
336,Daru,-9.0763,143.2092,85.37,69,96,8.52,PG,1674622847
337,Kenai,60.5544,-151.2583,33.1,98,0,5.75,US,1674623010
338,Namatanai,-3.6667,152.4333,83.32,70,98,6.04,PG,1674623011
339,Ambulu,-8.345,113.6058,85.41,70,50,7.4,ID,1674623011
340,Kruisfontein,-34.0033,24.7314,63.88,53,41,5.28,ZA,1674623012
341,Teocuitatlán de Corona,20.1167,-103.4,61.07,51,0,4.05,MX,1674623012
342,Buala,-8.145,159.5921,83.05,76,92,7.72,SB,1674623013
343,Goderich,43.7501,-81.7165,33.91,89,100,8.95,CA,1674622912
344,Nizhneudinsk,54.9076,99.0276,15.55,64,100,2.42,RU,1674623013
345,Kudat,6.8837,116.8477,76.93,87,100,17.72,MY,1674623014
346,Makkah al Mukarramah,21.4267,39.8261,70.47,74,17,1.79,SA,1674622981
347,Porto Belo,-27.1578,-48.5531,74.23,87,2,2.35,BR,1674623015
348,Diapaga,12.0708,1.7889,74.32,16,25,5.37,BF,1674623015
349,Djenné,13.9061,-4.5533,76.68,19,25,7.52,ML,1674623015
350,Half Moon Bay,37.4636,-122.4286,55.98,64,100,6.91,US,1674623016
351,Tegul'det,57.3064,88.1667,-20.04,99,95,3.04,RU,1674623016
352,Tumkūr,13.3422,77.1017,75.87,46,52,7.2,IN,1674623017
353,Ostroh,50.3294,26.5143,32.49,95,100,5.53,UA,1674623017
354,Brae,60.3964,-1.353,46.6,86,97,26.42,GB,1674623017
355,Yazman,29.1212,71.7446,58.59,21,0,3.98,PK,1674623018
356,Piranshahr,36.701,45.1413,23.36,78,7,4.97,IR,1674623018
357,Gerede,40.8008,32.1969,30.09,73,92,2.48,TR,1674623019
358,Yining,29.0361,114.5636,45.05,32,0,0.76,CN,1674623019
359,Demyansk,57.643,32.466,27.75,94,100,6.76,RU,1674623020
360,Bajos de Haina,18.4154,-70.0332,74.32,100,9,6.04,DO,1674623021
361,Narnaul,28.0444,76.1083,63.55,50,0,4.23,IN,1674623021
362,Harper,4.375,-7.7169,77.67,85,24,3.67,LR,1674623022
363,Klaksvík,62.2266,-6.589,45.52,82,35,29.59,FO,1674622986
364,Edson,53.5835,-116.4356,22.03,88,69,5.28,CA,1674622847
365,Las Margaritas,16.3167,-91.9833,54.7,76,43,2.26,MX,1674623023
366,Impfondo,1.6381,18.0667,66.15,90,41,3.11,CG,1674623023
367,Bonavista,48.6499,-53.1147,31.23,83,10,18.66,CA,1674623024
368,Port Augusta,-32.5,137.7667,82.98,45,0,24.49,AU,1674623024
369,Seymchan,62.8833,152.4333,-20.45,98,100,2.15,RU,1674623025
370,Vao,-22.6667,167.4833,80.29,80,5,8.01,NC,1674623025
371,Yinchuan,38.4681,106.2731,21.36,17,2,1.39,CN,1674623026
372,Nome,64.5011,-165.4064,-7.53,64,0,3.44,US,1674623026
373,Sayyan,15.1718,44.3244,52.43,65,2,1.81,YE,1674623026
374,Pisco,-13.7,-76.2167,69.85,83,0,2.3,PE,1674623027
375,Mandurah,-32.55,115.7,86.05,43,0,17.07,AU,1674623027
376,Changli,39.7042,119.1506,23.85,16,29,16.11,CN,1674623028
377,Youkounkoun,12.5333,-13.1333,72.75,48,44,4.45,GN,1674623029
378,Morwell,-38.2333,146.4,90.21,20,4,6.29,AU,1674623029
379,Atasū,48.6814,71.6433,-4.54,99,52,2.48,KZ,1674623030
380,San Juan,-31.5375,-68.5364,72.19,59,3,22.37,AR,1674622730
381,Pedernales,18.0384,-71.744,75.0,55,14,3.4,DO,1674623030
382,Netanya,32.3329,34.8599,52.95,67,0,9.57,IL,1674623031
383,Toamasina,-18.1667,49.3833,79.47,79,88,6.06,MG,1674622811
384,Kamphaeng Phet,16.25,99.5,79.16,39,0,9.86,TH,1674623031
385,Tulum,20.2167,-87.4667,77.16,80,12,10.6,MX,1674623032
386,Aquin,18.2833,-73.4,73.08,79,18,1.25,HT,1674623032
387,Dul'durga,50.6761,113.5931,-2.29,63,47,6.26,RU,1674623033
388,Te Anau,-45.4167,167.7167,71.94,33,35,7.25,NZ,1674623032
389,Kiunga,-6.1219,141.2906,94.33,46,96,3.27,PG,1674623033
390,Sūsangerd,31.5608,48.1831,56.71,54,0,2.04,IR,1674623034
391,Teahupoo,-17.8333,-149.2667,78.53,83,70,15.99,PF,1674623034
392,Korla,41.7597,86.1469,14.61,62,41,3.49,CN,1674622834
393,Erzin,36.9559,36.2,48.99,56,10,4.76,TR,1674623035
394,Pangkalanbuun,-2.6833,111.6167,76.32,93,100,4.45,ID,1674623035
395,Saryg-Sep,51.5,95.6,-1.98,90,100,0.69,RU,1674623036
396,Loukhi,66.0764,33.0381,33.22,98,100,15.17,RU,1674623036
397,Mahajanga,-15.7167,46.3167,75.22,94,75,16.11,MG,1674623037
398,Izumo,35.3667,132.7667,33.53,83,100,13.31,JP,1674623037
399,Mahon,39.8885,4.2658,45.16,87,40,8.05,ES,1674623038
400,Hofn,64.2539,-15.2082,40.05,66,49,14.41,IS,1674622881
401,Mordovo,52.0834,40.77,10.83,92,5,5.19,RU,1674623038
402,Saint-Augustin,51.226,-58.6502,22.03,80,99,11.86,CA,1674623039
403,Kochevo,59.5994,54.3125,9.37,94,99,7.72,RU,1674623039
404,Beidao,34.5686,105.8933,36.01,47,100,0.2,CN,1674623040
405,Kununurra,-15.7667,128.7333,91.38,58,75,11.5,AU,1674623040
406,Arona,28.0996,-16.681,58.82,58,20,16.11,ES,1674623040
407,Jining,35.405,116.5814,29.98,11,56,14.05,CN,1674623041
408,Verkhnyaya Inta,65.9811,60.3094,12.42,93,100,20.54,RU,1674623041
409,Kiryat Gat,31.61,34.7642,56.39,71,0,1.74,IL,1674623042
410,Poya,-21.35,165.15,84.97,73,33,6.29,NC,1674623042
411,Anloga,5.7947,0.8973,80.29,83,4,9.95,GH,1674623043
412,Saint-Louis,16.3333,-15.0,72.0,25,27,8.03,SN,1674623044
413,Aklavik,68.2191,-135.0107,-3.42,94,100,11.07,CA,1674623044
414,Tautira,-17.7333,-149.15,80.28,83,81,15.21,PF,1674623045
415,Morristown,36.214,-83.2949,42.85,65,20,4.61,US,1674623045
416,Kokopo,-4.352,152.2633,82.45,68,100,3.0,PG,1674623021
417,Epe,6.5841,3.9834,75.51,95,8,2.1,NG,1674623046
418,Shelburne,44.0787,-80.2041,24.3,95,73,3.96,CA,1674622815
419,Peace River,56.2501,-117.286,12.04,95,18,5.23,CA,1674622878
420,Wajir,1.7471,40.0573,77.04,69,34,14.7,KE,1674623047
421,Novy Urengoy,66.0833,76.6333,2.8,97,100,14.36,RU,1674623047
422,Beyneu,45.3167,55.2,23.72,58,0,7.61,KZ,1674623048
423,Tongzhou,39.9053,116.5994,17.71,29,0,2.24,CN,1674623048
424,Kongoussi,13.3258,-1.5347,72.93,19,32,4.07,BF,1674623049
425,Geraldton,-28.7667,114.6,86.41,42,0,20.71,AU,1674623049
426,Mennecy,48.569,2.4438,35.92,90,100,8.05,FR,1674623050
427,Faya,18.3851,42.4509,52.32,66,2,4.92,SA,1674623051
428,Ust'-Kan,50.9276,84.761,2.19,85,75,4.32,RU,1674623051
429,Tanete,-3.9443,119.7848,88.92,57,96,9.75,ID,1674623052
430,Shakiso,5.75,38.9167,60.76,55,70,3.58,ET,1674623052
431,Yermolayevo,52.7167,55.8,-8.07,100,99,3.96,RU,1674623053
432,Adigeni,41.6819,42.6987,22.82,63,0,1.48,GE,1674623053
433,Sola,-13.8833,167.55,82.67,74,50,13.27,VU,1674623054
434,Fuerte Olimpo,-21.0415,-57.8738,75.85,78,27,4.76,PY,1674623054
435,Karratha,-20.7377,116.8463,92.34,49,58,8.37,AU,1674623055
436,Bad Windsheim,49.5,10.4167,33.98,94,100,3.44,DE,1674623055
437,Forbes,-33.3833,148.0167,96.93,16,0,13.62,AU,1674623056
438,Mingguang,32.7802,117.9638,30.85,14,44,8.41,CN,1674623056
439,Codrington,-38.2667,141.9667,72.07,51,23,22.41,AU,1674623057
440,Olafsvik,64.8945,-23.7142,32.41,70,74,16.91,IS,1674623058
441,Guerrero Negro,27.9769,-114.0611,57.38,45,39,3.65,MX,1674623058
442,Sørland,67.667,12.6934,42.66,92,100,26.11,NO,1674623059
443,Klæbu,63.2976,10.4826,43.36,82,100,5.35,NO,1674623059
444,Hailar,49.2,119.7,-14.04,88,68,0.18,CN,1674623059
445,Tura,25.5198,90.2201,77.81,32,4,3.24,IN,1674623060
446,Yulara,-25.2406,130.9889,100.54,12,75,7.99,AU,1674623061
447,Dondo,-19.6094,34.7431,76.37,89,74,5.84,MZ,1674623061
448,Madimba,-10.4,40.3333,79.0,88,100,12.8,TZ,1674623062
449,Metz,49.1191,6.1727,36.09,93,100,9.22,FR,1674623062
450,Itoman,26.1247,127.6694,59.38,56,75,14.97,JP,1674623063
451,Wanaka,-44.7,169.15,74.1,33,88,5.99,NZ,1674622891
452,Berbera,10.4396,45.0143,73.63,72,23,4.29,SO,1674623063
453,Camargo,27.6667,-105.1667,38.7,18,0,1.59,MX,1674623064
454,Vostok,46.4856,135.8833,-18.78,92,100,10.87,RU,1674623064
455,Tripoli,32.8752,13.1875,52.86,55,4,5.5,LY,1674623065
456,Sibolga,1.7427,98.7792,82.08,73,85,2.73,ID,1674623065
457,Ixtapa,20.7,-105.2,70.83,78,0,3.44,MX,1674623066
458,St. George's,12.0564,-61.7485,76.68,78,20,4.61,GD,1674622776
459,Roseburg,43.2165,-123.3417,38.75,93,10,0.78,US,1674622811
460,Uarini,-2.99,-65.1083,71.89,98,99,2.1,BR,1674623067
461,Port-Gentil,-0.7193,8.7815,80.2,81,81,6.02,GA,1674622890
462,Ostrovnoy,68.0531,39.5131,24.44,87,100,25.9,RU,1674622894
463,Walvis Bay,-22.9575,14.5053,61.09,86,83,9.64,,1674622957
464,Bouar,5.934,15.596,65.35,26,52,3.0,CF,1674623068
465,San Onofre,9.7359,-75.5263,77.49,78,77,1.28,CO,1674623068
466,Pozo Colorado,-23.4923,-58.7972,82.09,60,39,6.49,PY,1674623069
467,Camacha,33.0833,-16.3333,56.62,58,40,16.11,PT,1674623069
468,South River,40.4465,-74.386,40.89,70,77,3.85,US,1674622800
469,Chekhov,55.1431,37.4711,28.35,99,80,3.87,RU,1674623070
470,Kissidougou,9.1848,-10.0999,70.38,81,98,1.05,GN,1674623071
471,Natal,-5.795,-35.2094,77.65,83,75,4.61,BR,1674622968
472,Sangar,63.9242,127.4739,-43.44,96,60,3.22,RU,1674623071
473,Marabu,4.4148,114.0089,80.92,85,99,9.17,MY,1674623072
474,Laiwu,36.1928,117.6569,26.47,8,7,13.73,CN,1674623072
475,Blagoyevo,63.3667,47.9167,15.35,95,91,8.48,RU,1674623073
476,Yar-Sale,66.8333,70.8333,6.31,93,100,8.93,RU,1674623073
477,Ingham,42.6,-84.3833,30.38,87,100,3.44,US,1674623073
478,Novo Aripuanã,-5.1206,-60.3797,72.21,99,100,1.14,BR,1674623074
479,Pevek,69.7008,170.3133,-14.93,76,63,2.57,RU,1674623074
480,Igrim,63.1906,64.4162,12.29,86,100,10.65,RU,1674623075
481,Kumul,42.8,93.45,14.05,32,1,2.91,CN,1674623075
482,Itapaci,-14.9508,-49.5494,67.89,96,94,0.34,BR,1674623075
483,Bulawayo,-20.15,28.5833,63.59,82,100,7.2,ZW,1674623076
484,Mochudi,-24.4167,26.15,69.69,39,5,3.71,BW,1674623076
485,Maryborough,-25.5333,152.7,89.15,42,87,6.98,AU,1674623077
486,Mafinga,-7.25,35.0667,66.22,88,100,1.19,TZ,1674623077
487,Berdigestyakh,62.0989,126.6992,-32.6,97,95,2.71,RU,1674623078
488,Zharkent,44.1628,80.0,11.98,75,9,1.14,KZ,1674623078
489,Evensk,61.95,159.2333,9.95,78,100,27.87,RU,1674623079
490,Żurrieq,35.8311,14.4742,49.51,81,0,6.91,MT,1674622909
491,NEDJO,9.5046,35.5019,62.51,43,29,0.38,ET,1674623079
492,Kieta,-6.2167,155.6333,83.64,68,97,3.4,PG,1674622958
493,Bukama,-9.2,25.85,67.62,98,100,1.68,CD,1674623080
494,Mikhaylovskoye,51.8239,79.7172,12.97,94,100,12.77,RU,1674623080
495,Mabaruma,8.2,-59.7833,68.68,97,37,1.14,GY,1674623081
496,Shetpe,44.1667,52.1167,23.49,51,9,3.76,KZ,1674623081
497,Lata,40.1629,-8.3327,41.07,84,0,4.23,PT,1674623082
498,Constitución,-35.3333,-72.4167,55.63,78,0,13.35,CL,1674623082
499,Lüderitz,-26.6481,15.1594,62.17,70,3,20.58,,1674623083
500,Akner,39.5349,46.3073,21.15,49,1,1.52,AM,1674623083
501,Raja,8.4596,25.678,67.48,34,92,4.14,SS,1674623084
502,Duayaw-Nkwanta,7.1724,-2.1028,68.23,94,16,1.59,GH,1674623084
503,Muzhi,65.3667,64.6667,7.29,93,100,4.88,RU,1674623085
504,High Level,58.5169,-117.136,-1.16,99,53,0.92,CA,1674622840
505,Binucayan,8.25,125.7167,74.84,95,100,2.35,PH,1674623085
506,Quatre Cocos,-20.2078,57.7625,74.08,93,100,6.62,MU,1674623086
507,Ulcinj,41.9294,19.2244,34.02,73,25,13.24,ME,1674623086
508,Karabulak,43.3036,44.8964,29.39,92,9,1.25,RU,1674623087
509,Sovetskiy,61.3614,63.5842,12.38,93,87,10.89,RU,1674623087
510,Mwinilunga,-11.7358,24.4293,61.59,97,99,5.44,ZM,1674623088
511,Matamoros,25.5333,-103.25,51.12,22,3,6.8,MX,1674623088
512,Ermelo,-26.5333,29.9833,59.14,78,53,10.67,ZA,1674622814
513,Bilibino,68.0546,166.4372,-15.11,71,100,4.23,RU,1674623089
514,Kismayo,-0.3582,42.5454,79.47,78,27,16.4,SO,1674623089
515,Chincha Alta,-13.4099,-76.1323,68.59,86,96,1.74,PE,1674623090
516,Vondrozo,-22.8167,47.2833,70.75,98,98,2.53,MG,1674623090
517,Kandrian,-6.2167,149.55,77.9,90,100,3.89,PG,1674623091
518,Quryq,43.2,51.65,30.2,34,6,2.98,KZ,1674623091
519,Usol'ye,59.4268,56.6808,6.96,96,100,7.14,RU,1674623091
520,Koforidua,6.0941,-0.2591,73.74,96,16,2.62,GH,1674623092
521,Katsuura,35.1333,140.3,34.52,29,49,11.18,JP,1674623093
522,Necochea,-38.5473,-58.7368,60.06,56,37,7.49,AR,1674623093
523,Takoradze,4.8845,-1.7554,78.69,86,3,5.08,GH,1674623094
524,Batemans Bay,-35.7167,150.1833,76.1,60,5,11.5,AU,1674622824
525,Nishihara,26.1842,127.7558,58.66,57,75,14.97,JP,1674623094
526,Vallenar,-28.5708,-70.7581,72.16,58,0,3.83,CL,1674623095
527,Zhezkazgan,47.8043,67.7144,-5.82,77,40,2.24,KZ,1674623095
528,Santa María del Río,21.8,-100.75,52.75,30,0,4.9,MX,1674623096
529,Nosy Varika,-20.5833,48.5333,77.61,87,94,1.03,MG,1674623096
530,Santa Cruz del Sur,20.7147,-77.9956,72.75,75,3,12.21,CU,1674623097
531,Vanimo,-2.6741,141.3028,84.27,68,88,7.63,PG,1674623097
532,Russell,32.3502,-85.1999,52.41,67,100,9.24,US,1674622815
533,Gizo Government Station,-8.103,156.8419,83.37,71,100,1.81,SB,1674623098
534,Tuatapere,-46.1333,167.6833,64.85,59,44,7.96,NZ,1674622839
535,Hamilton,39.1834,-84.5333,39.42,79,100,3.44,US,1674622901
536,La Ronge,55.1001,-105.2842,16.02,92,100,4.61,CA,1674623099
537,Nampula,-15.1165,39.2666,73.08,92,100,3.13,MZ,1674622956
538,Beloha,-25.1667,45.05,79.84,71,86,21.59,MG,1674622912
539,Kralendijk,12.15,-68.2667,78.78,73,20,14.97,BQ,1674623100
540,Mbuji-Mayi,-6.15,23.6,68.23,95,100,3.31,CD,1674623100
541,Abancay,-13.6339,-72.8814,58.51,89,98,0.85,PE,1674623100
542,Akdepe,42.0551,59.3788,29.77,50,100,3.18,TM,1674623101
543,Viedma,-40.8135,-62.9967,64.65,23,2,10.83,AR,1674622812
544,Shakawe,-18.3667,21.85,67.19,86,100,4.14,BW,1674623102
545,Ilhabela,-23.7781,-45.3581,74.43,89,13,3.51,BR,1674623102
546,Baiyin,36.5583,104.2081,22.17,17,62,4.68,CN,1674623103
547,Jizan,17.3333,42.6667,75.27,72,0,3.8,SA,1674623104
548,Kaeo,-35.1,173.7833,69.1,65,21,12.95,NZ,1674623105
549,Mporokoso,-9.3727,30.125,62.46,93,100,2.04,ZM,1674623105
550,San Quintín,30.4833,-115.95,54.72,57,33,3.15,MX,1674623106
551,Curuguaty,-24.4694,-55.6945,73.9,65,8,2.46,PY,1674623106
552,Tete,-16.1564,33.5867,75.29,100,75,3.44,MZ,1674622855
553,Linhares,-19.3911,-40.0722,74.37,97,100,5.08,BR,1674622949
554,Aswān,24.0934,32.907,57.13,47,0,7.16,EG,1674623107
555,Ban Nahin,18.2418,104.2122,77.74,27,1,1.25,LA,1674623108
556,Saint Andrews,34.0454,-81.1293,45.99,65,75,5.75,US,1674623108
557,Santa Isabel Rio Negro,-0.4139,-65.0192,71.6,90,85,1.5,BR,1674623109
558,Hambantota,6.1241,81.1185,82.74,78,20,5.75,LK,1674623110
559,Poum,-20.2333,164.0167,83.03,75,13,6.26,NC,1674623110
560,El Batey,19.7667,-70.5167,70.23,86,5,7.61,DO,1674623110
561,Ketchikan,55.3422,-131.6461,46.87,93,100,9.22,US,1674623111
562,Chapais,49.7834,-74.8492,-19.91,100,43,2.57,CA,1674622981
563,Mont-Dore,-22.2833,166.5833,86.0,99,39,8.57,NC,1674623112
564,Nālūt,30.3333,10.85,42.13,78,0,10.13,LY,1674623112
565,Monrovia,6.3005,-10.7969,74.03,88,100,10.31,LR,1674622817
566,Porto Walter,-8.2686,-72.7439,69.75,97,21,2.66,BR,1674623113
567,Bull Savanna,17.8868,-77.5902,69.67,79,28,8.95,JM,1674623113
568,Kungurtug,50.5994,97.5228,-2.7,92,100,1.28,RU,1674623114
569,Sítio Novo do Tocantins,-5.5183,-47.4611,71.92,97,30,2.13,BR,1674622946
570,Grants,35.1473,-107.8514,26.83,59,100,10.36,US,1674623115
571,Kristinehamn,59.3098,14.1081,43.36,98,100,15.77,SE,1674623115
572,Egvekinot,66.3167,-179.1667,-15.92,84,9,12.44,RU,1674623116
573,Taltal,-25.4,-70.4833,68.04,85,43,2.39,CL,1674622821
574,Port Shepstone,-30.7414,30.455,72.63,85,98,23.04,ZA,1674623116
575,Inhambane,-23.865,35.3833,81.68,72,44,15.01,MZ,1674623117
576,Ust'-Koksa,50.2696,85.6108,2.91,89,100,1.52,RU,1674623117
577,Boyolangu,-8.1181,111.8935,84.11,73,81,4.76,ID,1674623118
578,San Fernando del Valle de Catamarca,-28.4696,-65.7852,81.77,58,45,3.0,AR,1674623118
579,Banda Aceh,5.5577,95.3222,83.91,66,90,8.84,ID,1674623119
580,Tsiroanomandidy,-18.7667,46.0333,67.5,94,100,13.8,MG,1674623119
